{
  "dropout": 0.1535115095686409,
  "epochs": 50,
  "hidden_size": 256,
  "lr": 0.00849242661828255,
  "lstm_layers": 2,
  "seed": 6404
}