{"trial_data": [["{\n  \"stub\": false,\n  \"trainable_name\": \"objective\",\n  \"trial_id\": \"10396ae7\",\n  \"storage\": {\n    \"_type\": \"CLOUDPICKLE_FALLBACK\",\n    \"value\": \"8005950c030000000000008c1b7261792e747261696e2e5f696e7465726e616c2e73746f72616765948c0e53746f72616765436f6e746578749493942981947d94288c12637573746f6d5f66735f70726f766964656494898c136578706572696d656e745f6469725f6e616d65948c0b756e6974795f7377656570948c0e747269616c5f6469725f6e616d65948c696f626a6563746976655f31303339366165375f315f64726f706f75743d302e313930382c68696464656e5f73697a653d3235362c6c723d302e303030332c6c73746d5f6c61796572733d332c736565643d373639385f323032352d30352d32325f32312d32382d3132948c1863757272656e745f636865636b706f696e745f696e646578944affffffff8c0b73796e635f636f6e666967948c097261792e747261696e948c0a53796e63436f6e6669679493942981947d94288c0b73796e635f706572696f64944d2c018c0c73796e635f74696d656f7574944d08078c0e73796e635f61727469666163747394898c1c73796e635f6172746966616374735f6f6e5f636865636b706f696e74948875628c1273746f726167655f66696c6573797374656d948c0b70796172726f772e5f6673948c1446696c6553797374656d2e5f66726f6d5f7572699493948c0966696c653a2f2f2f5f94859452948c0f73746f726167655f66735f70617468948c5d2f55736572732f6d696b65656477617264732f4c6962726172792f4d6f62696c6520446f63756d656e74732f636f6d7e6170706c657e436c6f7564446f63732f704d696b652f556e6974792f70726963652f7261795f726573756c7473948c0673796e6365729468008c115f46696c6573797374656d53796e6365729493942981947d94286815681b68114d2c0168124d08078c116c6173745f73796e635f75705f74696d659447fff00000000000008c136c6173745f73796e635f646f776e5f74696d659447fff00000000000008c0d5f73796e635f70726f63657373944e8c0c5f63757272656e745f636d64944e75628c0a5f74696d657374616d70948c13323032352d30352d32325f32312d32382d31329475622e\"\n  },\n  \"config\": {\n    \"hidden_size\": 256,\n    \"lstm_layers\": 3,\n    \"dropout\": 0.19079709418894605,\n    \"lr\": 0.00034379431656044764,\n    \"seed\": 7698\n  },\n  \"_Trial__unresolved_config\": {\n    \"hidden_size\": 256,\n    \"lstm_layers\": 3,\n    \"dropout\": 0.19079709418894605,\n    \"lr\": 0.00034379431656044764,\n    \"seed\": 7698\n  },\n  \"evaluated_params\": {\n    \"hidden_size\": 256,\n    \"lstm_layers\": 3,\n    \"dropout\": 0.19079709418894605,\n    \"lr\": 0.00034379431656044764,\n    \"seed\": 7698\n  },\n  \"experiment_tag\": \"1_dropout=0.1908,hidden_size=256,lr=0.0003,lstm_layers=3,seed=7698\",\n  \"stopping_criterion\": {},\n  \"_setup_default_resource\": true,\n  \"_default_placement_group_factory\": \"80054e2e\",\n  \"placement_group_factory\": \"800595aa000000000000008c237261792e74756e652e657865637574696f6e2e706c6163656d656e745f67726f757073948c15506c6163656d656e7447726f7570466163746f72799493942981947d94288c085f62756e646c6573945d947d948c034350559447401000000000000073618c155f686561645f62756e646c655f69735f656d70747994898c095f7374726174656779948c045041434b948c055f6172677394298c075f6b7761726773947d9475622e\",\n  \"log_to_file\": [\n    \"stdout.log\",\n    \"stderr.log\"\n  ],\n  \"max_failures\": 3,\n  \"_default_result_or_future\": null,\n  \"export_formats\": [],\n  \"status\": \"TERMINATED\",\n  \"relative_logdir\": \"objective_10396ae7_1_dropout=0.1908,hidden_size=256,lr=0.0003,lstm_layers=3,seed=7698_2025-05-22_21-28-12\",\n  \"trial_name_creator\": null,\n  \"trial_dirname_creator\": null,\n  \"custom_trial_name\": null,\n  \"custom_dirname\": null,\n  \"restore_path\": null,\n  \"_restore_checkpoint_result\": null,\n  \"_state_json\": null,\n  \"results\": \"80054e2e\",\n  \"extra_arg\": \"80054e2e\",\n  \"_resources\": \"80054e2e\"\n}", "{\n  \"start_time\": 1747963693.733873,\n  \"num_failures\": 0,\n  \"num_failures_after_restore\": 0,\n  \"error_filename\": null,\n  \"pickled_error_filename\": null,\n  \"last_result\": {\n    \"loss\": 0.751099894119412,\n    \"timestamp\": 1747963715,\n    \"checkpoint_dir_name\": null,\n    \"done\": true,\n    \"training_iteration\": 1,\n    \"trial_id\": \"10396ae7\",\n    \"date\": \"2025-05-22_21-28-35\",\n    \"time_this_iter_s\": 22.154287815093994,\n    \"time_total_s\": 22.154287815093994,\n    \"pid\": 71976,\n    \"hostname\": \"Mikes-MacBook-Pro.local\",\n    \"node_ip\": \"127.0.0.1\",\n    \"config\": {\n      \"hidden_size\": 256,\n      \"lstm_layers\": 3,\n      \"dropout\": 0.19079709418894605,\n      \"lr\": 0.00034379431656044764,\n      \"seed\": 7698\n    },\n    \"time_since_restore\": 22.154287815093994,\n    \"iterations_since_restore\": 1,\n    \"experiment_tag\": \"1_dropout=0.1908,hidden_size=256,lr=0.0003,lstm_layers=3,seed=7698\"\n  },\n  \"last_result_time\": 1747963715.890986,\n  \"metric_analysis\": {\n    \"loss\": {\n      \"max\": 0.751099894119412,\n      \"min\": 0.751099894119412,\n      \"avg\": 0.751099894119412,\n      \"last\": 0.751099894119412,\n      \"last-5-avg\": 0.751099894119412,\n      \"last-10-avg\": 0.751099894119412\n    },\n    \"done\": {\n      \"max\": false,\n      \"min\": false,\n      \"avg\": false,\n      \"last\": false,\n      \"last-5-avg\": false,\n      \"last-10-avg\": false\n    },\n    \"training_iteration\": {\n      \"max\": 1,\n      \"min\": 1,\n      \"avg\": 1,\n      \"last\": 1,\n      \"last-5-avg\": 1,\n      \"last-10-avg\": 1\n    },\n    \"time_this_iter_s\": {\n      \"max\": 22.154287815093994,\n      \"min\": 22.154287815093994,\n      \"avg\": 22.154287815093994,\n      \"last\": 22.154287815093994,\n      \"last-5-avg\": 22.154287815093994,\n      \"last-10-avg\": 22.154287815093994\n    },\n    \"time_total_s\": {\n      \"max\": 22.154287815093994,\n      \"min\": 22.154287815093994,\n      \"avg\": 22.154287815093994,\n      \"last\": 22.154287815093994,\n      \"last-5-avg\": 22.154287815093994,\n      \"last-10-avg\": 22.154287815093994\n    },\n    \"time_since_restore\": {\n      \"max\": 22.154287815093994,\n      \"min\": 22.154287815093994,\n      \"avg\": 22.154287815093994,\n      \"last\": 22.154287815093994,\n      \"last-5-avg\": 22.154287815093994,\n      \"last-10-avg\": 22.154287815093994\n    },\n    \"iterations_since_restore\": {\n      \"max\": 1,\n      \"min\": 1,\n      \"avg\": 1,\n      \"last\": 1,\n      \"last-5-avg\": 1,\n      \"last-10-avg\": 1\n    }\n  },\n  \"_n_steps\": [\n    5,\n    10\n  ],\n  \"metric_n_steps\": {\n    \"loss\": {\n      \"5\": {\n        \"_type\": \"CLOUDPICKLE_FALLBACK\",\n        \"value\": \"8005952a000000000000008c0b636f6c6c656374696f6e73948c056465717565949394294b0586945294473fe80902a528b3b6612e\"\n      },\n      \"10\": {\n        \"_type\": \"CLOUDPICKLE_FALLBACK\",\n        \"value\": \"8005952a000000000000008c0b636f6c6c656374696f6e73948c056465717565949394294b0a86945294473fe80902a528b3b6612e\"\n      }\n    },\n    \"done\": {\n      \"5\": {\n        \"_type\": \"CLOUDPICKLE_FALLBACK\",\n        \"value\": \"80059522000000000000008c0b636f6c6c656374696f6e73948c056465717565949394294b058694529489612e\"\n      },\n      \"10\": {\n        \"_type\": \"CLOUDPICKLE_FALLBACK\",\n        \"value\": \"80059522000000000000008c0b636f6c6c656374696f6e73948c056465717565949394294b0a8694529489612e\"\n      }\n    },\n    \"training_iteration\": {\n      \"5\": {\n        \"_type\": \"CLOUDPICKLE_FALLBACK\",\n        \"value\": \"80059523000000000000008c0b636f6c6c656374696f6e73948c056465717565949394294b05869452944b01612e\"\n      },\n      \"10\": {\n        \"_type\": \"CLOUDPICKLE_FALLBACK\",\n        \"value\": \"80059523000000000000008c0b636f6c6c656374696f6e73948c056465717565949394294b0a869452944b01612e\"\n      }\n    },\n    \"time_this_iter_s\": {\n      \"5\": {\n        \"_type\": \"CLOUDPICKLE_FALLBACK\",\n        \"value\": \"8005952a000000000000008c0b636f6c6c656374696f6e73948c056465717565949394294b0586945294474036277f68000000612e\"\n      },\n      \"10\": {\n        \"_type\": \"CLOUDPICKLE_FALLBACK\",\n        \"value\": \"8005952a000000000000008c0b636f6c6c656374696f6e73948c056465717565949394294b0a86945294474036277f68000000612e\"\n      }\n    },\n    \"time_total_s\": 