{
  "dropout": 0.18773877210311235,
  "hidden_size": 64,
  "lr": 0.0001000038079911191,
  "lstm_layers": 1,
  "seed": 8303
}