{
  "dropout": 0.3752989060264795,
  "hidden_size": 128,
  "lr": 0.00013278967446335593,
  "lstm_layers": 1,
  "seed": 3526
}