{
  "dropout": 0.12949420910413156,
  "hidden_size": 128,
  "lr": 0.003981244984826466,
  "lstm_layers": 2,
  "seed": 3580
}