{
  "dropout": 0.1725655450258345,
  "epochs": 50,
  "hidden_size": 256,
  "lr": 0.0005388803285803132,
  "lstm_layers": 3,
  "seed": 9375
}