{
  "dropout": 0.3775907949822388,
  "epochs": 50,
  "hidden_size": 256,
  "lr": 0.0010886830994934766,
  "lstm_layers": 1,
  "seed": 3122
}