{
  "dropout": 0.17572565911406252,
  "hidden_size": 256,
  "lr": 0.0009745672837988304,
  "lstm_layers": 1,
  "seed": 1301
}