{
  "dropout": 0.2384073893960475,
  "epochs": 50,
  "hidden_size": 256,
  "lr": 0.007119063112282416,
  "lstm_layers": 2,
  "seed": 7001
}