{
  "dropout": 0.3708740142867046,
  "hidden_size": 128,
  "lr": 0.00035729620999800776,
  "lstm_layers": 1,
  "seed": 7142
}