{
  "dropout": 0.12103645321369516,
  "epochs": 50,
  "hidden_size": 64,
  "lr": 0.0022891966276265864,
  "lstm_layers": 2,
  "seed": 3305
}