{
  "dropout": 0.27597245585926494,
  "hidden_size": 64,
  "lr": 0.0004602996235992997,
  "lstm_layers": 2,
  "seed": 814
}