{
  "dropout": 0.3213036005025491,
  "epochs": 50,
  "hidden_size": 256,
  "lr": 0.0006429277158704607,
  "lstm_layers": 2,
  "seed": 8934
}