{
  "dropout": 0.14555349839680265,
  "hidden_size": 64,
  "lr": 0.0005235133642114308,
  "lstm_layers": 2,
  "seed": 9675
}