{
  "dropout": 0.13596049902303792,
  "epochs": 50,
  "hidden_size": 64,
  "lr": 0.0007676907887961418,
  "lstm_layers": 3,
  "seed": 755
}