{
  "dropout": 0.46041172322714674,
  "hidden_size": 128,
  "lr": 0.0013585806667968528,
  "lstm_layers": 1,
  "seed": 2377
}