{
  "dropout": 0.345923509261856,
  "epochs": 50,
  "hidden_size": 256,
  "lr": 0.00021178217236236728,
  "lstm_layers": 2,
  "seed": 1229
}