{
  "dropout": 0.32987936347694646,
  "hidden_size": 256,
  "lr": 0.0014363020022215942,
  "lstm_layers": 3,
  "seed": 3367
}