{
  "dropout": 0.3524926430935336,
  "epochs": 50,
  "hidden_size": 128,
  "lr": 0.00459053158078677,
  "lstm_layers": 2,
  "seed": 9745
}