{
  "dropout": 0.23883230203924066,
  "hidden_size": 64,
  "lr": 0.0006729664339853672,
  "lstm_layers": 2,
  "seed": 1941
}