{
  "dropout": 0.4639280868369157,
  "hidden_size": 128,
  "lr": 0.00017878360536118047,
  "lstm_layers": 1,
  "seed": 5176
}