{
  "dropout": 0.12444317681947088,
  "hidden_size": 128,
  "lr": 0.0005778872202127932,
  "lstm_layers": 3,
  "seed": 7566
}