{
  "dropout": 0.47282777210341465,
  "hidden_size": 128,
  "lr": 0.00016633787363403484,
  "lstm_layers": 1,
  "seed": 23
}