{
  "dropout": 0.36416825729024527,
  "hidden_size": 64,
  "lr": 0.009023727267675702,
  "lstm_layers": 2,
  "seed": 6885
}