{
  "dropout": 0.19826489365644617,
  "epochs": 50,
  "hidden_size": 256,
  "lr": 0.006009587583197353,
  "lstm_layers": 3,
  "seed": 7504
}