{
  "dropout": 0.3058576385150828,
  "hidden_size": 128,
  "lr": 0.0003461353398474204,
  "lstm_layers": 1,
  "seed": 6576
}