{
  "dropout": 0.41179102853881094,
  "epochs": 50,
  "hidden_size": 128,
  "lr": 0.00012604159516675818,
  "lstm_layers": 3,
  "seed": 3927
}