{
  "dropout": 0.37778058305634366,
  "hidden_size": 128,
  "lr": 0.00035372196324104225,
  "lstm_layers": 2,
  "seed": 6799
}