{
  "dropout": 0.391473807307906,
  "epochs": 50,
  "hidden_size": 128,
  "lr": 0.00017143913544193288,
  "lstm_layers": 3,
  "seed": 3557
}