{
  "dropout": 0.24422894705364306,
  "epochs": 50,
  "hidden_size": 64,
  "lr": 0.004980218685198079,
  "lstm_layers": 1,
  "seed": 2599
}