{
  "dropout": 0.41866421370181606,
  "epochs": 50,
  "hidden_size": 256,
  "lr": 0.0006359865605848505,
  "lstm_layers": 1,
  "seed": 9043
}