{
  "dropout": 0.37462213181077286,
  "hidden_size": 128,
  "lr": 0.00027275751460139263,
  "lstm_layers": 2,
  "seed": 2593
}