{
  "dropout": 0.338738958970791,
  "epochs": 50,
  "hidden_size": 128,
  "lr": 0.001441225313135736,
  "lstm_layers": 2,
  "seed": 6795
}