{
  "dropout": 0.21172960888404796,
  "epochs": 50,
  "hidden_size": 64,
  "lr": 0.0002325042808236372,
  "lstm_layers": 2,
  "seed": 8032
}