{
  "dropout": 0.4185770014443322,
  "hidden_size": 256,
  "lr": 0.00038240210759304775,
  "lstm_layers": 2,
  "seed": 7829
}