{
  "dropout": 0.2173998483576099,
  "epochs": 50,
  "hidden_size": 256,
  "lr": 0.00010003995380276569,
  "lstm_layers": 1,
  "seed": 8637
}