{
  "dropout": 0.39643001139221296,
  "hidden_size": 128,
  "lr": 0.00011124232414047723,
  "lstm_layers": 1,
  "seed": 7949
}