{
  "dropout": 0.2950078870395002,
  "epochs": 50,
  "hidden_size": 256,
  "lr": 0.009724199748208167,
  "lstm_layers": 1,
  "seed": 9047
}