{
  "dropout": 0.40064828140504566,
  "hidden_size": 64,
  "lr": 0.0004967422928658053,
  "lstm_layers": 1,
  "seed": 5769
}