{
  "dropout": 0.23084683878709497,
  "epochs": 50,
  "hidden_size": 64,
  "lr": 0.00036476650271623955,
  "lstm_layers": 3,
  "seed": 8103
}