{
  "dropout": 0.2582998618633617,
  "hidden_size": 128,
  "lr": 0.006800919885231862,
  "lstm_layers": 2,
  "seed": 3100
}