{
  "dropout": 0.3974541042086659,
  "epochs": 50,
  "hidden_size": 256,
  "lr": 0.003992540112784048,
  "lstm_layers": 2,
  "seed": 4352
}