{
  "dropout": 0.3766835590525536,
  "epochs": 50,
  "hidden_size": 128,
  "lr": 0.0028421145889516385,
  "lstm_layers": 3,
  "seed": 8889
}