{
  "dropout": 0.3257019242144603,
  "hidden_size": 64,
  "lr": 0.002821973276013214,
  "lstm_layers": 2,
  "seed": 6875
}