{
  "dropout": 0.4527029304920547,
  "epochs": 50,
  "hidden_size": 256,
  "lr": 0.0005965525895096987,
  "lstm_layers": 3,
  "seed": 9953
}