{
  "dropout": 0.4772837463884868,
  "hidden_size": 64,
  "lr": 0.00949565419147928,
  "lstm_layers": 3,
  "seed": 8721
}