{
  "dropout": 0.3291454245606207,
  "hidden_size": 64,
  "lr": 0.00036756320311564155,
  "lstm_layers": 1,
  "seed": 1929
}