{
  "dropout": 0.37182421372117114,
  "epochs": 50,
  "hidden_size": 256,
  "lr": 0.005005914938897731,
  "lstm_layers": 3,
  "seed": 4046
}