{
  "dropout": 0.46837314812618924,
  "hidden_size": 64,
  "lr": 0.000177348514796782,
  "lstm_layers": 2,
  "seed": 5625
}