{
  "dropout": 0.39243699566177975,
  "epochs": 50,
  "hidden_size": 128,
  "lr": 0.004419720067025008,
  "lstm_layers": 3,
  "seed": 4988
}