{
  "dropout": 0.49295827926816926,
  "epochs": 50,
  "hidden_size": 64,
  "lr": 0.0024706777143711305,
  "lstm_layers": 2,
  "seed": 4463
}