{
  "dropout": 0.43599681826478587,
  "hidden_size": 64,
  "lr": 0.0030835200737576026,
  "lstm_layers": 2,
  "seed": 3873
}