{
  "dropout": 0.350780608390646,
  "hidden_size": 64,
  "lr": 0.00023528195021061337,
  "lstm_layers": 1,
  "seed": 7287
}