{
  "dropout": 0.13033562438683663,
  "epochs": 50,
  "hidden_size": 128,
  "lr": 0.0002322789278137769,
  "lstm_layers": 1,
  "seed": 7495
}