{
  "dropout": 0.3545430016809593,
  "hidden_size": 64,
  "lr": 0.00014267293023778634,
  "lstm_layers": 2,
  "seed": 8632
}