{
  "dropout": 0.49500655316302766,
  "epochs": 50,
  "hidden_size": 64,
  "lr": 0.00024378359672707687,
  "lstm_layers": 3,
  "seed": 4179
}