{
  "dropout": 0.11067966471891677,
  "hidden_size": 256,
  "lr": 0.0009050229244953363,
  "lstm_layers": 3,
  "seed": 946
}