{
  "dropout": 0.39734870498313957,
  "epochs": 50,
  "hidden_size": 64,
  "lr": 0.0002975215614912938,
  "lstm_layers": 3,
  "seed": 439
}