{
  "dropout": 0.4491323812112584,
  "hidden_size": 256,
  "lr": 0.0002687730434635905,
  "lstm_layers": 2,
  "seed": 7570
}