{
  "dropout": 0.49638842947336437,
  "hidden_size": 256,
  "lr": 0.0003266361692403706,
  "lstm_layers": 3,
  "seed": 8821
}