{
  "dropout": 0.18131912831489605,
  "hidden_size": 128,
  "lr": 0.0007878228914245259,
  "lstm_layers": 2,
  "seed": 1211
}