{
  "dropout": 0.3506641787783153,
  "hidden_size": 64,
  "lr": 0.00024184644341948276,
  "lstm_layers": 1,
  "seed": 7272
}