{
  "dropout": 0.3196516078253804,
  "hidden_size": 256,
  "lr": 0.001489958676467444,
  "lstm_layers": 1,
  "seed": 9196
}