{
  "dropout": 0.41588623036697653,
  "epochs": 50,
  "hidden_size": 256,
  "lr": 0.0024027730804047085,
  "lstm_layers": 1,
  "seed": 8732
}