{
  "dropout": 0.2155528829700713,
  "hidden_size": 128,
  "lr": 0.00018319432576611606,
  "lstm_layers": 3,
  "seed": 522
}