{
  "dropout": 0.25146545358243666,
  "hidden_size": 64,
  "lr": 0.001234725386775946,
  "lstm_layers": 3,
  "seed": 5208
}