{
  "dropout": 0.3623242471549284,
  "epochs": 50,
  "hidden_size": 128,
  "lr": 0.00019309932904680252,
  "lstm_layers": 2,
  "seed": 6002
}