{
  "dropout": 0.4823032459616746,
  "epochs": 50,
  "hidden_size": 128,
  "lr": 0.0051571375085030895,
  "lstm_layers": 3,
  "seed": 4259
}