{
  "dropout": 0.2475217024693083,
  "epochs": 50,
  "hidden_size": 64,
  "lr": 0.0014694938397346942,
  "lstm_layers": 1,
  "seed": 7808
}