{
  "dropout": 0.1488524988575827,
  "hidden_size": 128,
  "lr": 0.001197049559016101,
  "lstm_layers": 1,
  "seed": 53
}