{
  "dropout": 0.3770194785484201,
  "hidden_size": 256,
  "lr": 0.00014148297455190143,
  "lstm_layers": 1,
  "seed": 38
}