{
  "dropout": 0.19542707807979826,
  "epochs": 50,
  "hidden_size": 64,
  "lr": 0.0017921401139806095,
  "lstm_layers": 3,
  "seed": 4526
}