{
  "dropout": 0.17704758847356536,
  "epochs": 50,
  "hidden_size": 64,
  "lr": 0.0017155957173383997,
  "lstm_layers": 3,
  "seed": 286
}