{
  "dropout": 0.4118519227885106,
  "hidden_size": 128,
  "lr": 0.0004614444585329028,
  "lstm_layers": 1,
  "seed": 5268
}