{
  "dropout": 0.2770249204138955,
  "epochs": 50,
  "hidden_size": 64,
  "lr": 0.0007939991568765732,
  "lstm_layers": 1,
  "seed": 5441
}