{
  "dropout": 0.2612508478797008,
  "epochs": 50,
  "hidden_size": 256,
  "lr": 0.001282010612273559,
  "lstm_layers": 2,
  "seed": 153
}