{
  "dropout": 0.11860210879173412,
  "hidden_size": 64,
  "lr": 0.00013119745728943933,
  "lstm_layers": 2,
  "seed": 6811
}