{
  "dropout": 0.26774534103810177,
  "epochs": 50,
  "hidden_size": 128,
  "lr": 0.0007894907476865349,
  "lstm_layers": 2,
  "seed": 4531
}