{
  "dropout": 0.43960851873730244,
  "epochs": 50,
  "hidden_size": 128,
  "lr": 0.0006512940920904828,
  "lstm_layers": 1,
  "seed": 2203
}