{
  "dropout": 0.2841235890476358,
  "epochs": 50,
  "hidden_size": 64,
  "lr": 0.0005152902237028834,
  "lstm_layers": 3,
  "seed": 9478
}