{
  "dropout": 0.4799253617085517,
  "hidden_size": 128,
  "lr": 0.00011216917664107269,
  "lstm_layers": 1,
  "seed": 5433
}