{
  "dropout": 0.407537668674562,
  "hidden_size": 64,
  "lr": 0.0019500049929825117,
  "lstm_layers": 2,
  "seed": 6357
}