{
  "dropout": 0.3459155510932725,
  "epochs": 50,
  "hidden_size": 256,
  "lr": 0.0072292263280942515,
  "lstm_layers": 1,
  "seed": 1675
}