{
  "dropout": 0.3632743728588239,
  "epochs": 50,
  "hidden_size": 128,
  "lr": 0.0001870259754525893,
  "lstm_layers": 2,
  "seed": 6066
}