{
  "dropout": 0.19300158217945038,
  "epochs": 50,
  "hidden_size": 256,
  "lr": 0.003080948977508412,
  "lstm_layers": 1,
  "seed": 1175
}