{
  "dropout": 0.3419038143137449,
  "epochs": 50,
  "hidden_size": 256,
  "lr": 0.0003552771010641131,
  "lstm_layers": 2,
  "seed": 7008
}