{
  "dropout": 0.40927593425742864,
  "epochs": 50,
  "hidden_size": 256,
  "lr": 0.006171687731630911,
  "lstm_layers": 1,
  "seed": 8896
}