{
  "dropout": 0.189363588710131,
  "epochs": 50,
  "hidden_size": 256,
  "lr": 0.0003353639327860717,
  "lstm_layers": 3,
  "seed": 5708
}