{
  "dropout": 0.2686026039815995,
  "epochs": 50,
  "hidden_size": 128,
  "lr": 0.00030457325972072186,
  "lstm_layers": 3,
  "seed": 1181
}