{
  "dropout": 0.22103726453020245,
  "hidden_size": 128,
  "lr": 0.002115687899060097,
  "lstm_layers": 2,
  "seed": 7418
}