{
  "dropout": 0.40510117603839857,
  "epochs": 50,
  "hidden_size": 256,
  "lr": 0.0027030215283649797,
  "lstm_layers": 1,
  "seed": 4510
}