{
  "dropout": 0.4022716337487027,
  "epochs": 50,
  "hidden_size": 128,
  "lr": 0.00017519356708213212,
  "lstm_layers": 3,
  "seed": 4606
}