{
  "dropout": 0.17820450476412533,
  "epochs": 50,
  "hidden_size": 128,
  "lr": 0.0001666636711964929,
  "lstm_layers": 1,
  "seed": 9258
}