{
  "dropout": 0.4208836838811253,
  "hidden_size": 128,
  "lr": 0.0002233594991218499,
  "lstm_layers": 1,
  "seed": 1629
}