{
  "dropout": 0.27600780332818353,
  "hidden_size": 64,
  "lr": 0.001717775957927409,
  "lstm_layers": 2,
  "seed": 9984
}