{
  "dropout": 0.42143064677127756,
  "epochs": 50,
  "hidden_size": 256,
  "lr": 0.004996167604030871,
  "lstm_layers": 1,
  "seed": 2794
}