{
  "dropout": 0.23480519421698587,
  "hidden_size": 64,
  "lr": 0.0057915550459091865,
  "lstm_layers": 1,
  "seed": 5540
}