{
  "dropout": 0.3688179101345614,
  "epochs": 50,
  "hidden_size": 64,
  "lr": 0.0008799284264037618,
  "lstm_layers": 1,
  "seed": 4564
}