{
  "dropout": 0.3535746298994561,
  "hidden_size": 256,
  "lr": 0.0015909718681460237,
  "lstm_layers": 2,
  "seed": 6744
}