{
  "dropout": 0.2791189841372505,
  "hidden_size": 64,
  "lr": 0.00010043966512439995,
  "lstm_layers": 1,
  "seed": 7898
}