{
  "dropout": 0.43308844136394375,
  "hidden_size": 128,
  "lr": 0.00011145508968272075,
  "lstm_layers": 1,
  "seed": 4279
}