{
  "dropout": 0.2743914212112474,
  "hidden_size": 64,
  "lr": 0.0001625942552813847,
  "lstm_layers": 1,
  "seed": 5879
}