{
  "dropout": 0.23308295629993042,
  "hidden_size": 256,
  "lr": 0.0006453197728796653,
  "lstm_layers": 3,
  "seed": 770
}