{
  "dropout": 0.43511984165809436,
  "hidden_size": 256,
  "lr": 0.00886035281129779,
  "lstm_layers": 3,
  "seed": 3930
}