{
  "dropout": 0.45210745811299174,
  "epochs": 50,
  "hidden_size": 128,
  "lr": 0.0024604612148479326,
  "lstm_layers": 3,
  "seed": 3202
}