{
  "dropout": 0.4171915586178672,
  "hidden_size": 64,
  "lr": 0.0007292228432781929,
  "lstm_layers": 3,
  "seed": 899
}