{
  "dropout": 0.2824398080259738,
  "epochs": 50,
  "hidden_size": 64,
  "lr": 0.0007958087622448477,
  "lstm_layers": 3,
  "seed": 9933
}