{
  "dropout": 0.22282734042374372,
  "epochs": 50,
  "hidden_size": 128,
  "lr": 0.00956397433248421,
  "lstm_layers": 2,
  "seed": 9163
}