{
  "dropout": 0.42053778190958213,
  "epochs": 50,
  "hidden_size": 128,
  "lr": 0.001584468038890473,
  "lstm_layers": 2,
  "seed": 3260
}