{
  "dropout": 0.3482367216822535,
  "epochs": 50,
  "hidden_size": 64,
  "lr": 0.001366607333263063,
  "lstm_layers": 2,
  "seed": 1637
}