{
  "dropout": 0.3153096754740111,
  "hidden_size": 128,
  "lr": 0.00012602905778467103,
  "lstm_layers": 1,
  "seed": 4873
}