{
  "dropout": 0.18885068737242178,
  "hidden_size": 256,
  "lr": 0.0008194031502092371,
  "lstm_layers": 1,
  "seed": 969
}