{
  "dropout": 0.4492637365091764,
  "epochs": 50,
  "hidden_size": 64,
  "lr": 0.0001385201050151482,
  "lstm_layers": 1,
  "seed": 3097
}