{
  "dropout": 0.3771025548890159,
  "hidden_size": 128,
  "lr": 0.00013385540457796688,
  "lstm_layers": 1,
  "seed": 3145
}