{
  "dropout": 0.36433003641689976,
  "epochs": 50,
  "hidden_size": 256,
  "lr": 0.002000994568556148,
  "lstm_layers": 1,
  "seed": 2191
}