{
  "dropout": 0.12638619929143055,
  "epochs": 50,
  "hidden_size": 128,
  "lr": 0.004158554284710687,
  "lstm_layers": 1,
  "seed": 4638
}