{
  "dropout": 0.47598984967585245,
  "epochs": 50,
  "hidden_size": 256,
  "lr": 0.00030019742881447773,
  "lstm_layers": 2,
  "seed": 7319
}