{
  "dropout": 0.13704501561289384,
  "hidden_size": 64,
  "lr": 0.000753811566957743,
  "lstm_layers": 2,
  "seed": 3079
}