{
  "dropout": 0.3515843954383425,
  "epochs": 50,
  "hidden_size": 64,
  "lr": 0.0019156045290562936,
  "lstm_layers": 2,
  "seed": 500
}