{
  "dropout": 0.4554870403423122,
  "epochs": 50,
  "hidden_size": 256,
  "lr": 0.0004907543977532113,
  "lstm_layers": 2,
  "seed": 6934
}