{
  "dropout": 0.22970582055542016,
  "epochs": 50,
  "hidden_size": 64,
  "lr": 0.002317899693993706,
  "lstm_layers": 2,
  "seed": 4450
}