{
  "dropout": 0.21074662329839905,
  "epochs": 50,
  "hidden_size": 128,
  "lr": 0.008784968238126911,
  "lstm_layers": 1,
  "seed": 7100
}