{
  "dropout": 0.34326638576783985,
  "hidden_size": 256,
  "lr": 0.00011609190372106471,
  "lstm_layers": 1,
  "seed": 4203
}