{
  "dropout": 0.43586519792112954,
  "hidden_size": 64,
  "lr": 0.0001427702707018457,
  "lstm_layers": 2,
  "seed": 8918
}