{
  "dropout": 0.22654180547340738,
  "epochs": 50,
  "hidden_size": 128,
  "lr": 0.00013014890224913043,
  "lstm_layers": 2,
  "seed": 6439
}