{
  "dropout": 0.4393851704016983,
  "epochs": 50,
  "hidden_size": 256,
  "lr": 0.001026805942275468,
  "lstm_layers": 1,
  "seed": 3530
}