{
  "dropout": 0.33639112019500494,
  "hidden_size": 128,
  "lr": 0.0015034517675626671,
  "lstm_layers": 2,
  "seed": 7172
}