{
  "dropout": 0.25768456349853874,
  "epochs": 50,
  "hidden_size": 256,
  "lr": 0.009558209110160979,
  "lstm_layers": 3,
  "seed": 3437
}