{
  "dropout": 0.3301914775144204,
  "hidden_size": 256,
  "lr": 0.0033239284834386904,
  "lstm_layers": 1,
  "seed": 3673
}