{
  "dropout": 0.15856099130577506,
  "hidden_size": 256,
  "lr": 0.001904747553423217,
  "lstm_layers": 2,
  "seed": 2772
}