{
  "dropout": 0.49456321161171624,
  "hidden_size": 128,
  "lr": 0.0001351057007223579,
  "lstm_layers": 1,
  "seed": 735
}