{
  "dropout": 0.22911762637015876,
  "hidden_size": 64,
  "lr": 0.0018841651464979387,
  "lstm_layers": 2,
  "seed": 3386
}