{
  "dropout": 0.11791071672359839,
  "epochs": 50,
  "hidden_size": 64,
  "lr": 0.0001768100294924744,
  "lstm_layers": 2,
  "seed": 3787
}