{
  "dropout": 0.41351630173208836,
  "hidden_size": 128,
  "lr": 0.0001357401319507741,
  "lstm_layers": 1,
  "seed": 3332
}