{
  "dropout": 0.2125628479462518,
  "epochs": 50,
  "hidden_size": 128,
  "lr": 0.003139364895124014,
  "lstm_layers": 1,
  "seed": 362
}