{
  "dropout": 0.4928735539667032,
  "epochs": 50,
  "hidden_size": 256,
  "lr": 0.0003283982813473127,
  "lstm_layers": 2,
  "seed": 7341
}