{
  "dropout": 0.40087110527410025,
  "hidden_size": 256,
  "lr": 0.00010230413995232923,
  "lstm_layers": 2,
  "seed": 6140
}