{
  "dropout": 0.2389071686616042,
  "hidden_size": 128,
  "lr": 0.0020076459570147216,
  "lstm_layers": 1,
  "seed": 8364
}