{
  "dropout": 0.49208839268824167,
  "hidden_size": 256,
  "lr": 0.0005748075785069949,
  "lstm_layers": 2,
  "seed": 4893
}