{
  "dropout": 0.4675154622104911,
  "epochs": 50,
  "hidden_size": 256,
  "lr": 0.004170283608151705,
  "lstm_layers": 3,
  "seed": 1606
}