{
  "dropout": 0.43771996740835806,
  "hidden_size": 64,
  "lr": 0.00458005135085,
  "lstm_layers": 1,
  "seed": 8949
}