{
  "dropout": 0.31931545735290023,
  "epochs": 50,
  "hidden_size": 64,
  "lr": 0.0006435718815426176,
  "lstm_layers": 3,
  "seed": 9639
}