{
  "dropout": 0.3264266988913979,
  "hidden_size": 64,
  "lr": 0.0002995569065212141,
  "lstm_layers": 3,
  "seed": 6198
}