{
  "dropout": 0.44734062928363044,
  "hidden_size": 64,
  "lr": 0.0010423765331581906,
  "lstm_layers": 2,
  "seed": 5001
}