{
  "dropout": 0.2479550219488331,
  "hidden_size": 64,
  "lr": 0.003607802714036361,
  "lstm_layers": 2,
  "seed": 2158
}