{
  "dropout": 0.47751668945322884,
  "hidden_size": 256,
  "lr": 0.00035043933616158904,
  "lstm_layers": 1,
  "seed": 9539
}