{
  "dropout": 0.45620893527778333,
  "hidden_size": 128,
  "lr": 0.00017729706788014894,
  "lstm_layers": 1,
  "seed": 5192
}