{
  "dropout": 0.4168618338642545,
  "hidden_size": 128,
  "lr": 0.00025185066359178024,
  "lstm_layers": 1,
  "seed": 7710
}