{
  "dropout": 0.35876452637163286,
  "hidden_size": 256,
  "lr": 0.0002303999351415907,
  "lstm_layers": 2,
  "seed": 3674
}