{
  "dropout": 0.4417809795041707,
  "hidden_size": 64,
  "lr": 0.00032805946346659617,
  "lstm_layers": 2,
  "seed": 8820
}