{
  "dropout": 0.4353634288328319,
  "hidden_size": 256,
  "lr": 0.00018806579810870386,
  "lstm_layers": 1,
  "seed": 8966
}