{
  "dropout": 0.43998252234047414,
  "epochs": 50,
  "hidden_size": 128,
  "lr": 0.0029801711595595754,
  "lstm_layers": 3,
  "seed": 2631
}