{
  "dropout": 0.11230115995195869,
  "epochs": 50,
  "hidden_size": 128,
  "lr": 0.00015270001512181293,
  "lstm_layers": 2,
  "seed": 4313
}