{
  "dropout": 0.12326643264927109,
  "hidden_size": 256,
  "lr": 0.00024286629370370014,
  "lstm_layers": 2,
  "seed": 9010
}