{
  "dropout": 0.31554610321317095,
  "epochs": 50,
  "hidden_size": 128,
  "lr": 0.008208288942879541,
  "lstm_layers": 3,
  "seed": 925
}