{
  "dropout": 0.11308383514194512,
  "hidden_size": 64,
  "lr": 0.006669973796265961,
  "lstm_layers": 3,
  "seed": 1526
}