{
  "dropout": 0.38091807402968125,
  "epochs": 50,
  "hidden_size": 64,
  "lr": 0.0032142064900423837,
  "lstm_layers": 3,
  "seed": 7240
}