{
  "dropout": 0.28563026271516645,
  "epochs": 50,
  "hidden_size": 256,
  "lr": 0.0009592786214526211,
  "lstm_layers": 1,
  "seed": 4224
}