{
  "dropout": 0.31931475865056,
  "epochs": 50,
  "hidden_size": 128,
  "lr": 0.0004744650626583301,
  "lstm_layers": 2,
  "seed": 5823
}