{
  "dropout": 0.4805779980710053,
  "hidden_size": 128,
  "lr": 0.002814154988683206,
  "lstm_layers": 1,
  "seed": 6516
}