{
  "dropout": 0.31007480044651836,
  "epochs": 50,
  "hidden_size": 64,
  "lr": 0.0026003663501036915,
  "lstm_layers": 2,
  "seed": 4715
}