{
  "dropout": 0.442983446510242,
  "hidden_size": 64,
  "lr": 0.00029934914610560236,
  "lstm_layers": 3,
  "seed": 8990
}