{
  "dropout": 0.109716216721997,
  "epochs": 50,
  "hidden_size": 128,
  "lr": 0.0006489497733869386,
  "lstm_layers": 1,
  "seed": 4110
}