{
  "dropout": 0.21060672614190468,
  "hidden_size": 256,
  "lr": 0.0005087318036128782,
  "lstm_layers": 2,
  "seed": 5731
}