{
  "dropout": 0.27797264884864853,
  "epochs": 50,
  "hidden_size": 128,
  "lr": 0.00020401166979472715,
  "lstm_layers": 2,
  "seed": 401
}