{
  "dropout": 0.26241384674615603,
  "epochs": 50,
  "hidden_size": 128,
  "lr": 0.00028498482716066663,
  "lstm_layers": 2,
  "seed": 5608
}