{
  "dropout": 0.2172469999852012,
  "hidden_size": 64,
  "lr": 0.009079875571285388,
  "lstm_layers": 3,
  "seed": 1733
}