{
  "dropout": 0.22726212027166348,
  "hidden_size": 256,
  "lr": 0.00061883457093661,
  "lstm_layers": 3,
  "seed": 1875
}