{
  "dropout": 0.4011842067171857,
  "hidden_size": 256,
  "lr": 0.0003168387093001547,
  "lstm_layers": 3,
  "seed": 5970
}