{
  "dropout": 0.3906184325838304,
  "epochs": 50,
  "hidden_size": 128,
  "lr": 0.006906398582880623,
  "lstm_layers": 1,
  "seed": 8694
}