{
  "dropout": 0.43444939864828946,
  "hidden_size": 64,
  "lr": 0.0022033918451460936,
  "lstm_layers": 1,
  "seed": 2765
}