{
  "dropout": 0.48092942492173374,
  "epochs": 50,
  "hidden_size": 256,
  "lr": 0.001557445003500757,
  "lstm_layers": 2,
  "seed": 2990
}