{
  "dropout": 0.20827329289540927,
  "epochs": 50,
  "hidden_size": 256,
  "lr": 0.0011661360793474992,
  "lstm_layers": 2,
  "seed": 8588
}