{
  "dropout": 0.34727220891709043,
  "hidden_size": 256,
  "lr": 0.00047025685323138713,
  "lstm_layers": 2,
  "seed": 6846
}