{
  "dropout": 0.18488909692184807,
  "epochs": 50,
  "hidden_size": 64,
  "lr": 0.0048473376933219955,
  "lstm_layers": 1,
  "seed": 7808
}