{
  "dropout": 0.3161229445183895,
  "hidden_size": 256,
  "lr": 0.0005792333210826406,
  "lstm_layers": 3,
  "seed": 4792
}