{
  "dropout": 0.20266077286124448,
  "epochs": 50,
  "hidden_size": 256,
  "lr": 0.0011097696290693635,
  "lstm_layers": 1,
  "seed": 8642
}