{
  "dropout": 0.360474911947839,
  "hidden_size": 64,
  "lr": 0.0020133708951905116,
  "lstm_layers": 3,
  "seed": 6143
}