{
  "dropout": 0.14558778030225708,
  "hidden_size": 64,
  "lr": 0.0012260628094579436,
  "lstm_layers": 2,
  "seed": 1718
}