{
  "dropout": 0.32333000536882484,
  "hidden_size": 256,
  "lr": 0.0005964764210237297,
  "lstm_layers": 3,
  "seed": 185
}