{
  "dropout": 0.2859982603768583,
  "epochs": 50,
  "hidden_size": 64,
  "lr": 0.0005812484296160748,
  "lstm_layers": 3,
  "seed": 9909
}