{
  "dropout": 0.285952143176539,
  "hidden_size": 64,
  "lr": 0.00010852476358354151,
  "lstm_layers": 1,
  "seed": 7794
}