{
  "dropout": 0.29238665650329215,
  "epochs": 50,
  "hidden_size": 256,
  "lr": 0.0073707176801035825,
  "lstm_layers": 3,
  "seed": 3987
}