{
  "dropout": 0.22322093142528368,
  "epochs": 50,
  "hidden_size": 256,
  "lr": 0.00017349057582840354,
  "lstm_layers": 3,
  "seed": 1262
}