{
  "dropout": 0.44841846904773974,
  "epochs": 50,
  "hidden_size": 256,
  "lr": 0.0015862892959558304,
  "lstm_layers": 2,
  "seed": 6852
}