{
  "dropout": 0.391829105179802,
  "hidden_size": 64,
  "lr": 0.00019431458799331364,
  "lstm_layers": 1,
  "seed": 7138
}