{
  "dropout": 0.10027560954303155,
  "hidden_size": 128,
  "lr": 0.0024839304767161102,
  "lstm_layers": 2,
  "seed": 8282
}