{
  "dropout": 0.16260481914859595,
  "hidden_size": 64,
  "lr": 0.0016175607178794034,
  "lstm_layers": 1,
  "seed": 9526
}