{
  "dropout": 0.3337318662120883,
  "hidden_size": 64,
  "lr": 0.008206267055370772,
  "lstm_layers": 1,
  "seed": 2531
}