{
  "dropout": 0.32700322663681286,
  "epochs": 50,
  "hidden_size": 256,
  "lr": 0.001984586788563493,
  "lstm_layers": 2,
  "seed": 7380
}