{
  "dropout": 0.3402852890903498,
  "epochs": 50,
  "hidden_size": 256,
  "lr": 0.00149198362380068,
  "lstm_layers": 3,
  "seed": 6890
}