{
  "dropout": 0.43980010085574905,
  "epochs": 50,
  "hidden_size": 64,
  "lr": 0.0012884609418452992,
  "lstm_layers": 2,
  "seed": 7631
}