{
  "dropout": 0.424883294443471,
  "hidden_size": 128,
  "lr": 0.00023995362574209608,
  "lstm_layers": 1,
  "seed": 4046
}