{
  "dropout": 0.43710861041133797,
  "epochs": 50,
  "hidden_size": 64,
  "lr": 0.0004127256428960657,
  "lstm_layers": 3,
  "seed": 4639
}