{
  "dropout": 0.16860495567863676,
  "epochs": 50,
  "hidden_size": 128,
  "lr": 0.002487182689504873,
  "lstm_layers": 1,
  "seed": 7702
}