{
  "dropout": 0.4229267434327142,
  "hidden_size": 256,
  "lr": 0.0074055320508405855,
  "lstm_layers": 3,
  "seed": 3291
}