{
  "dropout": 0.4949251385768413,
  "epochs": 50,
  "hidden_size": 256,
  "lr": 0.00027773067401023934,
  "lstm_layers": 2,
  "seed": 7338
}