{
  "dropout": 0.4724171196897542,
  "hidden_size": 256,
  "lr": 0.003225536039728591,
  "lstm_layers": 2,
  "seed": 8718
}