{
  "dropout": 0.286650811856592,
  "hidden_size": 256,
  "lr": 0.00015840317616760822,
  "lstm_layers": 2,
  "seed": 1356
}