{
  "dropout": 0.36255410127411486,
  "hidden_size": 128,
  "lr": 0.004281359824343949,
  "lstm_layers": 2,
  "seed": 7226
}