{
  "dropout": 0.1572045408709226,
  "hidden_size": 64,
  "lr": 0.007603823090201051,
  "lstm_layers": 3,
  "seed": 3752
}