{
  "dropout": 0.29296882897094956,
  "epochs": 50,
  "hidden_size": 256,
  "lr": 0.0016981680342079834,
  "lstm_layers": 2,
  "seed": 6488
}