{
  "dropout": 0.20405730468450975,
  "hidden_size": 256,
  "lr": 0.000425170587980765,
  "lstm_layers": 1,
  "seed": 5801
}