{
  "dropout": 0.45724989561371354,
  "epochs": 50,
  "hidden_size": 128,
  "lr": 0.00015111130109320874,
  "lstm_layers": 3,
  "seed": 183
}