{
  "dropout": 0.1010482481587899,
  "epochs": 50,
  "hidden_size": 256,
  "lr": 0.001301019638242262,
  "lstm_layers": 2,
  "seed": 2214
}