{
  "dropout": 0.27268404812154584,
  "hidden_size": 64,
  "lr": 0.002065870167819991,
  "lstm_layers": 2,
  "seed": 1855
}