{
  "dropout": 0.29293659398849026,
  "hidden_size": 64,
  "lr": 0.007430760613609722,
  "lstm_layers": 1,
  "seed": 1858
}