{
  "dropout": 0.44184161944758926,
  "hidden_size": 128,
  "lr": 0.004155677716375168,
  "lstm_layers": 1,
  "seed": 6838
}