{
  "dropout": 0.42819891410424765,
  "epochs": 50,
  "hidden_size": 128,
  "lr": 0.0008708791831359074,
  "lstm_layers": 1,
  "seed": 5683
}