{
  "dropout": 0.2601547156374852,
  "epochs": 50,
  "hidden_size": 128,
  "lr": 0.00025002130054856825,
  "lstm_layers": 1,
  "seed": 4302
}