{
  "dropout": 0.14189208713379298,
  "hidden_size": 128,
  "lr": 0.00022556127337750476,
  "lstm_layers": 2,
  "seed": 1073
}