{
  "dropout": 0.1352570388226385,
  "hidden_size": 256,
  "lr": 0.007078035663047513,
  "lstm_layers": 3,
  "seed": 5406
}