{
  "dropout": 0.16958306715102683,
  "epochs": 50,
  "hidden_size": 64,
  "lr": 0.0025073503101296717,
  "lstm_layers": 3,
  "seed": 9031
}