{
  "dropout": 0.22718586214359196,
  "epochs": 50,
  "hidden_size": 256,
  "lr": 0.00042547060341905545,
  "lstm_layers": 2,
  "seed": 7780
}