{
  "dropout": 0.34829366575087106,
  "epochs": 50,
  "hidden_size": 128,
  "lr": 0.0003771479064745522,
  "lstm_layers": 1,
  "seed": 4348
}