{
  "dropout": 0.12819376125657542,
  "epochs": 50,
  "hidden_size": 64,
  "lr": 0.001833289776503891,
  "lstm_layers": 3,
  "seed": 5952
}