{
  "dropout": 0.39838219336180336,
  "hidden_size": 64,
  "lr": 0.00010594232785701114,
  "lstm_layers": 1,
  "seed": 9886
}