{
  "dropout": 0.4465091136079937,
  "epochs": 50,
  "hidden_size": 64,
  "lr": 0.006610470935905717,
  "lstm_layers": 2,
  "seed": 1779
}