{
  "dropout": 0.4737431154141188,
  "hidden_size": 128,
  "lr": 0.0005310243078709108,
  "lstm_layers": 1,
  "seed": 515
}