{
  "dropout": 0.27330839458445105,
  "hidden_size": 64,
  "lr": 0.009878250746787493,
  "lstm_layers": 1,
  "seed": 8899
}