{
  "dropout": 0.12432126418447519,
  "epochs": 50,
  "hidden_size": 64,
  "lr": 0.003200388724172537,
  "lstm_layers": 3,
  "seed": 5
}