{
  "dropout": 0.47898927380899536,
  "hidden_size": 64,
  "lr": 0.00027401116004451253,
  "lstm_layers": 2,
  "seed": 3024
}