{
  "dropout": 0.10121039233521328,
  "hidden_size": 64,
  "lr": 0.0030884492292339773,
  "lstm_layers": 1,
  "seed": 9160
}