{
  "dropout": 0.4586065254339274,
  "epochs": 50,
  "hidden_size": 256,
  "lr": 0.00038844865239724387,
  "lstm_layers": 3,
  "seed": 9237
}