{
  "dropout": 0.2726948621409404,
  "epochs": 50,
  "hidden_size": 128,
  "lr": 0.006949094434181351,
  "lstm_layers": 2,
  "seed": 577
}