{
  "dropout": 0.10729106088398446,
  "hidden_size": 64,
  "lr": 0.0005088345102097223,
  "lstm_layers": 2,
  "seed": 3316
}