{
  "dropout": 0.41000772824253384,
  "hidden_size": 256,
  "lr": 0.0002571018182629888,
  "lstm_layers": 1,
  "seed": 7170
}