{
  "dropout": 0.2649467554773927,
  "hidden_size": 256,
  "lr": 0.0001946836164673466,
  "lstm_layers": 1,
  "seed": 5382
}