{
  "dropout": 0.43258841508363205,
  "hidden_size": 128,
  "lr": 0.00024519296202544724,
  "lstm_layers": 1,
  "seed": 3868
}