{
  "dropout": 0.24891539228872991,
  "hidden_size": 256,
  "lr": 0.004217883427394463,
  "lstm_layers": 1,
  "seed": 2024
}