{
  "dropout": 0.2037106617730065,
  "hidden_size": 64,
  "lr": 0.0004117570497262525,
  "lstm_layers": 2,
  "seed": 2695
}