{
  "dropout": 0.18234491077215811,
  "epochs": 50,
  "hidden_size": 256,
  "lr": 0.0010955567975018863,
  "lstm_layers": 3,
  "seed": 2548
}