{
  "dropout": 0.42846649031588613,
  "epochs": 50,
  "hidden_size": 256,
  "lr": 0.0009129132688003784,
  "lstm_layers": 3,
  "seed": 6568
}