{
  "dropout": 0.2510185236859624,
  "epochs": 50,
  "hidden_size": 64,
  "lr": 0.004730745223733383,
  "lstm_layers": 2,
  "seed": 2687
}