{
  "dropout": 0.16284927498943588,
  "epochs": 50,
  "hidden_size": 64,
  "lr": 0.0001247435941985919,
  "lstm_layers": 2,
  "seed": 2126
}