{
  "dropout": 0.2763850814551999,
  "epochs": 50,
  "hidden_size": 256,
  "lr": 0.0003949724910744286,
  "lstm_layers": 2,
  "seed": 6441
}