{
  "dropout": 0.36426542513065224,
  "hidden_size": 256,
  "lr": 0.00029289017003235736,
  "lstm_layers": 1,
  "seed": 1474
}