{
  "dropout": 0.3973875431322737,
  "epochs": 50,
  "hidden_size": 128,
  "lr": 0.0003752914906438561,
  "lstm_layers": 2,
  "seed": 1121
}