{
  "dropout": 0.33672847989109683,
  "epochs": 50,
  "hidden_size": 128,
  "lr": 0.0002470872072841304,
  "lstm_layers": 1,
  "seed": 4221
}