{
  "dropout": 0.43278713648599737,
  "hidden_size": 64,
  "lr": 0.00047039917459391857,
  "lstm_layers": 2,
  "seed": 9576
}