{
  "dropout": 0.174551447995422,
  "epochs": 50,
  "hidden_size": 128,
  "lr": 0.0015144200214094663,
  "lstm_layers": 2,
  "seed": 1951
}