{
  "dropout": 0.46105709173619014,
  "hidden_size": 64,
  "lr": 0.0017728499190489925,
  "lstm_layers": 1,
  "seed": 6350
}