{
  "dropout": 0.28236808649546696,
  "hidden_size": 256,
  "lr": 0.00042906088238980325,
  "lstm_layers": 1,
  "seed": 8017
}