{
  "dropout": 0.3496179697903399,
  "epochs": 50,
  "hidden_size": 128,
  "lr": 0.0010486278663999118,
  "lstm_layers": 2,
  "seed": 4068
}