{
  "dropout": 0.49687535855174,
  "hidden_size": 256,
  "lr": 0.00044190687730949084,
  "lstm_layers": 2,
  "seed": 7462
}