{
  "dropout": 0.1190798836572105,
  "epochs": 50,
  "hidden_size": 128,
  "lr": 0.00549503538143423,
  "lstm_layers": 2,
  "seed": 9764
}