{
  "dropout": 0.14649030101429444,
  "epochs": 50,
  "hidden_size": 64,
  "lr": 0.0008341053797086494,
  "lstm_layers": 1,
  "seed": 8010
}