{
  "dropout": 0.14229797129994207,
  "hidden_size": 256,
  "lr": 0.0010644862470042535,
  "lstm_layers": 3,
  "seed": 4958
}