{
  "dropout": 0.4731234628582764,
  "hidden_size": 128,
  "lr": 0.0016106707507930482,
  "lstm_layers": 1,
  "seed": 7930
}