{
  "dropout": 0.2706757000381439,
  "hidden_size": 256,
  "lr": 0.004850650956163653,
  "lstm_layers": 1,
  "seed": 1973
}