{
  "dropout": 0.22060919789282765,
  "hidden_size": 256,
  "lr": 0.00019199654501849471,
  "lstm_layers": 3,
  "seed": 1528
}