{
  "dropout": 0.362488424622842,
  "hidden_size": 64,
  "lr": 0.0001008355058872255,
  "lstm_layers": 2,
  "seed": 6854
}