{
  "dropout": 0.4623948995201288,
  "epochs": 50,
  "hidden_size": 128,
  "lr": 0.00019073914840791046,
  "lstm_layers": 3,
  "seed": 3675
}