{
  "dropout": 0.3627290608875132,
  "epochs": 50,
  "hidden_size": 128,
  "lr": 0.0001941121111544054,
  "lstm_layers": 2,
  "seed": 6340
}