{
  "dropout": 0.3250147311811195,
  "hidden_size": 256,
  "lr": 0.00018338979191234473,
  "lstm_layers": 1,
  "seed": 797
}