{
  "dropout": 0.4066559573596774,
  "hidden_size": 128,
  "lr": 0.0026597705003274397,
  "lstm_layers": 2,
  "seed": 2921
}