{
  "dropout": 0.19232460885220293,
  "hidden_size": 64,
  "lr": 0.00015461542162476669,
  "lstm_layers": 1,
  "seed": 8195
}