{
  "dropout": 0.3990054552988448,
  "hidden_size": 128,
  "lr": 0.0011709478380950364,
  "lstm_layers": 3,
  "seed": 265
}