{
  "dropout": 0.10305186324444304,
  "epochs": 50,
  "hidden_size": 256,
  "lr": 0.0045464345666167885,
  "lstm_layers": 1,
  "seed": 5138
}