{
  "dropout": 0.16086574613059432,
  "hidden_size": 256,
  "lr": 0.0011900996432155013,
  "lstm_layers": 1,
  "seed": 133
}