{
  "dropout": 0.41025324229963744,
  "epochs": 50,
  "hidden_size": 256,
  "lr": 0.00013771323413057715,
  "lstm_layers": 1,
  "seed": 1578
}