{
  "dropout": 0.10929927032960846,
  "hidden_size": 256,
  "lr": 0.0037849914848424896,
  "lstm_layers": 3,
  "seed": 4361
}