{
  "dropout": 0.10873405987179484,
  "hidden_size": 128,
  "lr": 0.0075655129726043754,
  "lstm_layers": 1,
  "seed": 473
}