{
  "dropout": 0.31822373802613174,
  "epochs": 50,
  "hidden_size": 256,
  "lr": 0.004448810174831776,
  "lstm_layers": 2,
  "seed": 5323
}