{
  "dropout": 0.4383900799988354,
  "epochs": 50,
  "hidden_size": 256,
  "lr": 0.00041446650099973513,
  "lstm_layers": 2,
  "seed": 3940
}