{
  "dropout": 0.4163688698813291,
  "hidden_size": 128,
  "lr": 0.00021118412394079386,
  "lstm_layers": 1,
  "seed": 9567
}