{
  "dropout": 0.43307404887285983,
  "hidden_size": 64,
  "lr": 0.00034949877933439526,
  "lstm_layers": 2,
  "seed": 8983
}