{
  "dropout": 0.410203799394713,
  "epochs": 50,
  "hidden_size": 64,
  "lr": 0.0010731163121890995,
  "lstm_layers": 3,
  "seed": 2868
}