{
  "dropout": 0.24111646310930812,
  "hidden_size": 128,
  "lr": 0.004008208747929006,
  "lstm_layers": 2,
  "seed": 2952
}