{
  "dropout": 0.41542700741036725,
  "hidden_size": 128,
  "lr": 0.00013911587077577965,
  "lstm_layers": 1,
  "seed": 1398
}