{
  "dropout": 0.3850028728628574,
  "hidden_size": 128,
  "lr": 0.00029094424515317306,
  "lstm_layers": 2,
  "seed": 1933
}