{
  "dropout": 0.19246882784546016,
  "epochs": 50,
  "hidden_size": 64,
  "lr": 0.00415724112665706,
  "lstm_layers": 2,
  "seed": 5999
}