{
  "dropout": 0.13072781619571874,
  "hidden_size": 128,
  "lr": 0.00022444978886532708,
  "lstm_layers": 1,
  "seed": 1556
}