{
  "dropout": 0.41688140993906625,
  "hidden_size": 128,
  "lr": 0.006856838862230075,
  "lstm_layers": 1,
  "seed": 1306
}