{
  "dropout": 0.17386800190089735,
  "hidden_size": 256,
  "lr": 0.00024153796767087968,
  "lstm_layers": 2,
  "seed": 1454
}