{
  "dropout": 0.13218031017398185,
  "epochs": 50,
  "hidden_size": 256,
  "lr": 0.0005126865155423075,
  "lstm_layers": 2,
  "seed": 5157
}