{
  "dropout": 0.325352230247353,
  "hidden_size": 256,
  "lr": 0.0007531874066639825,
  "lstm_layers": 1,
  "seed": 9413
}