{
  "dropout": 0.23180026184028046,
  "epochs": 50,
  "hidden_size": 128,
  "lr": 0.00039051845043017804,
  "lstm_layers": 3,
  "seed": 3158
}