{
  "dropout": 0.23329419395231998,
  "hidden_size": 128,
  "lr": 0.005523677155440041,
  "lstm_layers": 3,
  "seed": 3136
}