{
  "dropout": 0.16474658015873214,
  "hidden_size": 64,
  "lr": 0.00039726058185767183,
  "lstm_layers": 2,
  "seed": 8939
}