{
  "dropout": 0.4379111175457231,
  "epochs": 50,
  "hidden_size": 64,
  "lr": 0.0028445982067088053,
  "lstm_layers": 2,
  "seed": 6009
}