{
  "dropout": 0.30960069189296696,
  "epochs": 50,
  "hidden_size": 128,
  "lr": 0.0016477210340476735,
  "lstm_layers": 1,
  "seed": 1235
}