{
  "dropout": 0.41711879964295645,
  "epochs": 50,
  "hidden_size": 128,
  "lr": 0.00018213107059807888,
  "lstm_layers": 3,
  "seed": 3853
}