{
  "dropout": 0.16272469924006816,
  "hidden_size": 128,
  "lr": 0.0005029934450966819,
  "lstm_layers": 1,
  "seed": 9581
}