{
  "dropout": 0.3415582025213314,
  "epochs": 50,
  "hidden_size": 128,
  "lr": 0.0005610178737644663,
  "lstm_layers": 1,
  "seed": 4173
}