{
  "dropout": 0.46267843429689676,
  "epochs": 50,
  "hidden_size": 256,
  "lr": 0.00031277793649141965,
  "lstm_layers": 2,
  "seed": 7136
}