{
  "dropout": 0.20035417699471908,
  "epochs": 50,
  "hidden_size": 256,
  "lr": 0.0011390721693508902,
  "lstm_layers": 2,
  "seed": 6385
}