{
  "dropout": 0.2736250184003223,
  "epochs": 50,
  "hidden_size": 256,
  "lr": 0.0004809096175863683,
  "lstm_layers": 3,
  "seed": 3804
}