{
  "dropout": 0.40539481347799305,
  "epochs": 50,
  "hidden_size": 128,
  "lr": 0.00012767027332917172,
  "lstm_layers": 3,
  "seed": 3430
}