{
  "dropout": 0.24713998039975904,
  "epochs": 50,
  "hidden_size": 256,
  "lr": 0.0010916884435029344,
  "lstm_layers": 1,
  "seed": 4584
}