{
  "dropout": 0.2790154248172812,
  "hidden_size": 64,
  "lr": 0.00011642475367479205,
  "lstm_layers": 1,
  "seed": 6248
}