{
  "dropout": 0.4753367797949937,
  "epochs": 50,
  "hidden_size": 128,
  "lr": 0.0002372372799327721,
  "lstm_layers": 1,
  "seed": 5090
}