{
  "dropout": 0.2970438448128365,
  "epochs": 50,
  "hidden_size": 64,
  "lr": 0.0002101931377083303,
  "lstm_layers": 2,
  "seed": 803
}