{
  "dropout": 0.23511031886197523,
  "hidden_size": 64,
  "lr": 0.001847907513780474,
  "lstm_layers": 2,
  "seed": 3157
}