{
  "dropout": 0.46680665905839414,
  "hidden_size": 64,
  "lr": 0.002098601014210664,
  "lstm_layers": 2,
  "seed": 803
}