{
  "dropout": 0.10411033222077343,
  "hidden_size": 128,
  "lr": 0.00011431218836592885,
  "lstm_layers": 1,
  "seed": 5477
}