{
  "dropout": 0.11232059372604902,
  "epochs": 50,
  "hidden_size": 128,
  "lr": 0.0009963370100915627,
  "lstm_layers": 1,
  "seed": 5240
}