{
  "dropout": 0.38973868365758835,
  "hidden_size": 128,
  "lr": 0.0034913491104903317,
  "lstm_layers": 1,
  "seed": 2187
}