{
  "dropout": 0.2989338902782149,
  "epochs": 50,
  "hidden_size": 128,
  "lr": 0.0026567972289816655,
  "lstm_layers": 3,
  "seed": 8703
}