{
  "dropout": 0.2922556157875599,
  "hidden_size": 64,
  "lr": 0.00011603369750095945,
  "lstm_layers": 1,
  "seed": 2428
}