{
  "dropout": 0.2260154282628721,
  "hidden_size": 64,
  "lr": 0.00024481794811180373,
  "lstm_layers": 3,
  "seed": 5608
}