{
  "dropout": 0.23979715801445387,
  "epochs": 50,
  "hidden_size": 64,
  "lr": 0.0053986446690577885,
  "lstm_layers": 2,
  "seed": 2889
}