{
  "dropout": 0.39726379712189996,
  "epochs": 50,
  "hidden_size": 128,
  "lr": 0.0004013126571652355,
  "lstm_layers": 3,
  "seed": 9052
}