{
  "dropout": 0.37823487419911783,
  "hidden_size": 256,
  "lr": 0.00409102585646335,
  "lstm_layers": 1,
  "seed": 6572
}