{
  "dropout": 0.4588075351376002,
  "epochs": 50,
  "hidden_size": 256,
  "lr": 0.00341134578540892,
  "lstm_layers": 3,
  "seed": 4606
}