{
  "dropout": 0.21078793785532757,
  "hidden_size": 128,
  "lr": 0.00014935701417616176,
  "lstm_layers": 3,
  "seed": 9458
}