{"trial_data": [["{\n  \"stub\": false,\n  \"trainable_name\": \"lambda\",\n  \"trial_id\": \"50886a2e\",\n  \"storage\": {\n    \"_type\": \"CLOUDPICKLE_FALLBACK\",\n    \"value\": \"8005953d030000000000008c1b7261792e747261696e2e5f696e7465726e616c2e73746f72616765948c0e53746f72616765436f6e746578749493942981947d94288c12637573746f6d5f66735f70726f766964656494898c136578706572696d656e745f6469725f6e616d65948c097261795f7377656570948c0e747269616c5f6469725f6e616d65948c966c616d6264615f35303838366132655f315f62617463685f73697a653d3235362c64726f706f75743d302e333734332c6561726c795f73746f705f70617469656e63653d382c68696464656e5f73697a653d3132382c6c723d302e303030372c6c73746d5f6c61796572733d332c6d61785f656e636f6465725f6c656e3d33392c6d5f323032352d30352d32325f32302d31302d3339948c1863757272656e745f636865636b706f696e745f696e646578944affffffff8c0b73796e635f636f6e666967948c0f7261792e74756e652e73796e636572948c0a53796e63436f6e6669679493942981947d94288c0b73796e635f706572696f64944d2c018c0c73796e635f74696d656f7574944d08078c0e73796e635f61727469666163747394898c1c73796e635f6172746966616374735f6f6e5f636865636b706f696e74948875628c1273746f726167655f66696c6573797374656d948c0b70796172726f772e5f6673948c1446696c6553797374656d2e5f66726f6d5f7572699493948c0966696c653a2f2f2f5f94859452948c0f73746f726167655f66735f70617468948c5d2f55736572732f6d696b65656477617264732f4c6962726172792f4d6f62696c6520446f63756d656e74732f636f6d7e6170706c657e436c6f7564446f63732f704d696b652f556e6974792f70726963652f7261795f726573756c7473948c0673796e6365729468008c115f46696c6573797374656d53796e6365729493942981947d94286815681b68114d2c0168124d08078c116c6173745f73796e635f75705f74696d659447fff00000000000008c136c6173745f73796e635f646f776e5f74696d659447fff00000000000008c0d5f73796e635f70726f63657373944e8c0c5f63757272656e745f636d64944e75628c0a5f74696d657374616d70948c13323032352d30352d32325f32302d31302d33399475622e\"\n  },\n  \"config\": {\n    \"hidden_size\": 128,\n    \"lstm_layers\": 3,\n    \"dropout\": 0.3743006614014591,\n    \"lr\": 0.0006785415082752676,\n    \"batch_size\": 256,\n    \"min_encoder_len\": 30,\n    \"max_encoder_len\": 39,\n    \"predict_len\": 1,\n    \"early_stop_patience\": 8,\n    \"num_workers\": 6,\n    \"max_epochs\": 30,\n    \"seed\": 6564,\n    \"train_csv\": \"data/train.parquet\",\n    \"val_csv\": \"data/val.parquet\",\n    \"model_dir\": \"models/ray\"\n  },\n  \"_Trial__unresolved_config\": {\n    \"hidden_size\": 128,\n    \"lstm_layers\": 3,\n    \"dropout\": 0.3743006614014591,\n    \"lr\": 0.0006785415082752676,\n    \"batch_size\": 256,\n    \"min_encoder_len\": 30,\n    \"max_encoder_len\": 39,\n    \"predict_len\": 1,\n    \"early_stop_patience\": 8,\n    \"num_workers\": 6,\n    \"max_epochs\": 30,\n    \"seed\": 6564,\n    \"train_csv\": \"data/train.parquet\",\n    \"val_csv\": \"data/val.parquet\",\n    \"model_dir\": \"models/ray\"\n  },\n  \"evaluated_params\": {\n    \"hidden_size\": 128,\n    \"lstm_layers\": 3,\n    \"dropout\": 0.3743006614014591,\n    \"lr\": 0.0006785415082752676,\n    \"seed\": 6564\n  },\n  \"experiment_tag\": \"1_batch_size=256,dropout=0.3743,early_stop_patience=8,hidden_size=128,lr=0.0007,lstm_layers=3,max_encoder_len=39,max_epochs=30,min_encoder_len=30,model_dir=models_ray,num_workers=6,predict_len=1,seed=6564,train_csv=data_train_parquet,val_csv=data_val_parquet\",\n  \"stopping_criterion\": {},\n  \"_setup_default_resource\": true,\n  \"_default_placement_group_factory\": \"800595ba000000000000008c237261792e74756e652e657865637574696f6e2e706c6163656d656e745f67726f757073948c15506c6163656d656e7447726f7570466163746f72799493942981947d94288c085f62756e646c6573945d947d94288c03435055944740180000000000008c0347505594473ff000000000000075618c155f686561645f62756e646c655f69735f656d70747994898c095f7374726174656779948c045041434b948c055f6172677394298c075f6b7761726773947d9475622e\",\n  \"placement_group_factory\": \"800595ba000000000000008c237261792e74756e652e657865637574696f6e2e706c6163656d656e745f67726f757073948c15506c6163656d656e7447726f7570466163746f72799493942981947d94288c085f62756e646c6573945d947d94288c03435055944740180000000000008c0347505594473ff000000000000075618c155f686561645f62756e646c655f69735f656d70747994898c095f7374726174656779948c045041434b948c055f6172677394298c075f6b7761726773947d9475622e\",\n  \"log_to_file\": [\n    null,\n    null\n  ],\n  \"max_failures\": 0,\n  \"_default_result_or_future\": null,\n  \"export_formats\": [],\n  \"status\": \"PENDING\",\n  \"relative_logdir\": \"lambda_50886a2e_1_batch_size=256,dropout=0.3743,early_stop_patience=8,hidden_size=128,lr=0.0007,lstm_layers=3,max_encoder_len=39,m_2025-05-22_20-10-39\",\n  \"trial_name_creator\": null,\n  \"trial_dirname_creator\": null,\n  \"custom_trial_name\": null,\n  \"custom_dirname\": null,\n  \"restore_path\": null,\n  \"_restore_checkpoint_result\": null,\n  \"_state_json\": null,\n  \"results\": \"80054e2e\",\n  \"extra_arg\": \"80054e2e\",\n  \"_resources\": \"80054e2e\"\n}", "{\n  \"start_time\": null,\n  \"num_failures\": 0,\n  \"num_failures_after_restore\": 0,\n  \"error_filename\": null,\n  \"pickled_error_filename\": null,\n  \"last_result\": {},\n  \"last_result_time\": -Infinity,\n  \"metric_analysis\": {},\n  \"_n_steps\": [\n    5,\n    10\n  ],\n  \"metric_n_steps\": {},\n  \"checkpoint_manager\": {\n    \"_type\": \"CLOUDPICKLE_FALLBACK\",\n    \"value\": \"80059583010000000000008c267261792e747261696e2e5f696e7465726e616c2e636865636b706f696e745f6d616e61676572948c125f436865636b706f696e744d616e616765729493942981947d94288c125f636865636b706f696e745f636f6e666967948c087261792e74756e65948c10436865636b706f696e74436f6e6669679493942981947d94288c0b6e756d5f746f5f6b656570944e8c1a636865636b706f696e745f73636f72655f617474726962757465944e8c16636865636b706f696e745f73636f72655f6f72646572948c036d6178948c14636865636b706f696e745f6672657175656e6379944b008c11636865636b706f696e745f61745f656e64944e8c1a5f636865636b706f696e745f6b6565705f616c6c5f72616e6b73948c0a44455052454341544544948c1f5f636865636b706f696e745f75706c6f61645f66726f6d5f776f726b65727394681275628c135f636865636b706f696e745f726573756c7473945d948c195f6c61746573745f636865636b706f696e745f726573756c74944e75622e\"\n  }\n}"]], "runner_data": {"_earliest_stopping_actor": Infinity, "_actor_cleanup_timeout": 600, "_actor_force_cleanup_timeout": 10, "_reuse_actors": false, "_buffer_length": 1, "_buffer_min_time_s": 0.0, "_buffer_max_time_s": 100.0, "_max_pending_trials": 1, "_metric": null, "_total_time": 0, "_iteration": 5527, "_has_errored": false, "_fail_fast": false, "_print_trial_errors": true, "_cached_trial_decisions": {}, "_queued_trial_decisions": {}, "_should_stop_experiment": false, "_stopper": {"_type": "CLOUDPICKLE_FALLBACK", "value": "8005952c000000000000008c157261792e74756e652e73746f707065722e6e6f6f70948c0b4e6f6f7053746f707065729493942981942e"}, "_start_time": 1747959039.5870001, "_session_str": "2025-05-22_20-10-39", "_checkpoint_period": "auto", "_trial_checkpoint_config": {"_type": "CLOUDPICKLE_FALLBACK", "value": "800595f1000000000000008c087261792e74756e65948c10436865636b706f696e74436f6e6669679493942981947d94288c0b6e756d5f746f5f6b656570944e8c1a636865636b706f696e745f73636f72655f617474726962757465944e8c16636865636b706f696e745f73636f72655f6f72646572948c036d6178948c14636865636b706f696e745f6672657175656e6379944b008c11636865636b706f696e745f61745f656e64944e8c1a5f636865636b706f696e745f6b6565705f616c6c5f72616e6b73948c0a44455052454341544544948c1f5f636865636b706f696e745f75706c6f61645f66726f6d5f776f726b65727394680c75622e"}, "_resumed": false}, "stats": {"start_time": 1747959039.5870001}}