{
  "dropout": 0.23785558701673812,
  "hidden_size": 64,
  "lr": 0.000884140219238005,
  "lstm_layers": 2,
  "seed": 2277
}