{
  "dropout": 0.22906940902259693,
  "hidden_size": 64,
  "lr": 0.0018972427488501877,
  "lstm_layers": 2,
  "seed": 2629
}