{
  "dropout": 0.10799311494439112,
  "hidden_size": 128,
  "lr": 0.005467327113670308,
  "lstm_layers": 1,
  "seed": 6889
}