{
  "dropout": 0.27249411938566526,
  "hidden_size": 64,
  "lr": 0.0013832610894088083,
  "lstm_layers": 2,
  "seed": 2953
}