{
  "dropout": 0.18421428376494078,
  "epochs": 50,
  "hidden_size": 256,
  "lr": 0.0002787130107534245,
  "lstm_layers": 1,
  "seed": 9640
}