{
  "dropout": 0.2715845500406422,
  "epochs": 50,
  "hidden_size": 256,
  "lr": 0.0016882150159458012,
  "lstm_layers": 2,
  "seed": 5498
}