{
  "dropout": 0.2292698337051919,
  "epochs": 50,
  "hidden_size": 64,
  "lr": 0.007335827191331452,
  "lstm_layers": 1,
  "seed": 4998
}