{
  "dropout": 0.30996970884128355,
  "hidden_size": 128,
  "lr": 0.00033225205338307016,
  "lstm_layers": 1,
  "seed": 4552
}