{
  "dropout": 0.3257411538475285,
  "epochs": 50,
  "hidden_size": 64,
  "lr": 0.0025409946414940163,
  "lstm_layers": 2,
  "seed": 4588
}