{
  "dropout": 0.19079709418894605,
  "hidden_size": 256,
  "lr": 0.00034379431656044764,
  "lstm_layers": 3,
  "seed": 7698
}