{
  "dropout": 0.4991643905384389,
  "hidden_size": 256,
  "lr": 0.00039822761996444704,
  "lstm_layers": 3,
  "seed": 1395
}