{
  "dropout": 0.10916381701703713,
  "epochs": 50,
  "hidden_size": 64,
  "lr": 0.0021349749315834558,
  "lstm_layers": 1,
  "seed": 9000
}