{
  "dropout": 0.1676658818802936,
  "epochs": 50,
  "hidden_size": 128,
  "lr": 0.00443003454607409,
  "lstm_layers": 3,
  "seed": 5776
}