{
  "dropout": 0.3245005354759936,
  "hidden_size": 64,
  "lr": 0.00022292961588635723,
  "lstm_layers": 2,
  "seed": 2231
}