{
  "dropout": 0.13815407951776618,
  "hidden_size": 256,
  "lr": 0.0021690162899346203,
  "lstm_layers": 3,
  "seed": 9678
}