{
  "dropout": 0.27149494709669975,
  "hidden_size": 64,
  "lr": 0.0001612404733841672,
  "lstm_layers": 2,
  "seed": 1690
}