{
  "dropout": 0.3983015420101292,
  "epochs": 50,
  "hidden_size": 128,
  "lr": 0.0001451292490752257,
  "lstm_layers": 2,
  "seed": 5760
}