{
  "dropout": 0.18510533292734552,
  "hidden_size": 256,
  "lr": 0.0017626962885489796,
  "lstm_layers": 2,
  "seed": 855
}