{
  "dropout": 0.4946608199758242,
  "hidden_size": 128,
  "lr": 0.00011286268556993756,
  "lstm_layers": 1,
  "seed": 7874
}