{
  "dropout": 0.10842602736784257,
  "epochs": 50,
  "hidden_size": 256,
  "lr": 0.0008761385080637078,
  "lstm_layers": 1,
  "seed": 3547
}