{
  "dropout": 0.20505542434812282,
  "epochs": 50,
  "hidden_size": 128,
  "lr": 0.0002745660417584318,
  "lstm_layers": 2,
  "seed": 2268
}