{
  "dropout": 0.11182121383554883,
  "hidden_size": 64,
  "lr": 0.0011494257706591636,
  "lstm_layers": 1,
  "seed": 6230
}