{
  "dropout": 0.42935497395391387,
  "epochs": 50,
  "hidden_size": 128,
  "lr": 0.00010453146857319605,
  "lstm_layers": 3,
  "seed": 3872
}