{
  "dropout": 0.20713686015911503,
  "hidden_size": 64,
  "lr": 0.0008141930563111007,
  "lstm_layers": 1,
  "seed": 3168
}