{
  "dropout": 0.3638201186606984,
  "epochs": 50,
  "hidden_size": 256,
  "lr": 0.0015264835956679064,
  "lstm_layers": 2,
  "seed": 5706
}