{
  "dropout": 0.16911784381980968,
  "hidden_size": 256,
  "lr": 0.0009422429776956783,
  "lstm_layers": 1,
  "seed": 1038
}