{
  "dropout": 0.17435180312888168,
  "hidden_size": 256,
  "lr": 0.0008856684814259577,
  "lstm_layers": 3,
  "seed": 2275
}