{
  "dropout": 0.34350475501635,
  "hidden_size": 64,
  "lr": 0.004505881644732165,
  "lstm_layers": 3,
  "seed": 5722
}