{
  "dropout": 0.23711275861615072,
  "epochs": 50,
  "hidden_size": 64,
  "lr": 0.0007452949578381219,
  "lstm_layers": 1,
  "seed": 2833
}