{
  "dropout": 0.20697077900431526,
  "epochs": 50,
  "hidden_size": 128,
  "lr": 0.00013675442273485396,
  "lstm_layers": 1,
  "seed": 9168
}