{
  "dropout": 0.11380360896069171,
  "hidden_size": 256,
  "lr": 0.0013582124523417911,
  "lstm_layers": 1,
  "seed": 1645
}