{
  "dropout": 0.3055133470785496,
  "hidden_size": 256,
  "lr": 0.0001747613484818636,
  "lstm_layers": 2,
  "seed": 4720
}