{
  "dropout": 0.2565909187934996,
  "epochs": 50,
  "hidden_size": 256,
  "lr": 0.0002714678891065822,
  "lstm_layers": 2,
  "seed": 1070
}