{
  "dropout": 0.1340409480961988,
  "epochs": 50,
  "hidden_size": 64,
  "lr": 0.006415281647268374,
  "lstm_layers": 1,
  "seed": 96
}