{
  "dropout": 0.1854039131413189,
  "epochs": 50,
  "hidden_size": 256,
  "lr": 0.00011342679736827893,
  "lstm_layers": 1,
  "seed": 7660
}