{
  "dropout": 0.4378315187764996,
  "epochs": 50,
  "hidden_size": 256,
  "lr": 0.0006200540681265517,
  "lstm_layers": 3,
  "seed": 1500
}