{
  "dropout": 0.4938164129045094,
  "epochs": 50,
  "hidden_size": 256,
  "lr": 0.0004289464262603194,
  "lstm_layers": 2,
  "seed": 6345
}