{
  "dropout": 0.1576046598585389,
  "epochs": 50,
  "hidden_size": 256,
  "lr": 0.00011412795468865677,
  "lstm_layers": 3,
  "seed": 2108
}