{
  "dropout": 0.46229840571619363,
  "hidden_size": 256,
  "lr": 0.0002730751784432795,
  "lstm_layers": 1,
  "seed": 269
}