{
  "dropout": 0.12202798535627545,
  "hidden_size": 64,
  "lr": 0.002177962350232491,
  "lstm_layers": 3,
  "seed": 9384
}