{
  "dropout": 0.12627479547909778,
  "epochs": 50,
  "hidden_size": 64,
  "lr": 0.003457371270748511,
  "lstm_layers": 2,
  "seed": 7486
}