{
  "dropout": 0.35230235571414215,
  "hidden_size": 256,
  "lr": 0.007401425810390568,
  "lstm_layers": 2,
  "seed": 6824
}