{
  "dropout": 0.4276639154362457,
  "epochs": 50,
  "hidden_size": 128,
  "lr": 0.00011700721150472697,
  "lstm_layers": 3,
  "seed": 8514
}