{
  "dropout": 0.281111497753671,
  "epochs": 50,
  "hidden_size": 64,
  "lr": 0.0004751026870229575,
  "lstm_layers": 3,
  "seed": 2118
}