{
  "dropout": 0.31495029482257997,
  "epochs": 50,
  "hidden_size": 256,
  "lr": 0.0006220008021056437,
  "lstm_layers": 3,
  "seed": 130
}