{
  "dropout": 0.36084696682614936,
  "hidden_size": 256,
  "lr": 0.000379027383560935,
  "lstm_layers": 1,
  "seed": 5118
}