{
  "dropout": 0.2304409773667868,
  "hidden_size": 128,
  "lr": 0.0017589569565625504,
  "lstm_layers": 3,
  "seed": 4436
}