{
  "dropout": 0.4680620898392083,
  "hidden_size": 128,
  "lr": 0.00016478347099307863,
  "lstm_layers": 1,
  "seed": 2891
}