{
  "dropout": 0.311409948246518,
  "epochs": 50,
  "hidden_size": 128,
  "lr": 0.007371357233649005,
  "lstm_layers": 2,
  "seed": 3731
}