{
  "dropout": 0.16934345449539662,
  "hidden_size": 64,
  "lr": 0.0007724348886859617,
  "lstm_layers": 3,
  "seed": 5792
}