{
  "dropout": 0.18220218432650231,
  "hidden_size": 256,
  "lr": 0.00010102003237866859,
  "lstm_layers": 2,
  "seed": 591
}