{
  "dropout": 0.14877864462900556,
  "hidden_size": 256,
  "lr": 0.002277009454491803,
  "lstm_layers": 2,
  "seed": 2327
}