{
  "dropout": 0.2198050431177775,
  "hidden_size": 64,
  "lr": 0.0008129320332522792,
  "lstm_layers": 1,
  "seed": 4765
}