{
  "dropout": 0.27974784483897985,
  "hidden_size": 256,
  "lr": 0.0001312141880926542,
  "lstm_layers": 1,
  "seed": 3990
}