{
  "dropout": 0.3227286184099656,
  "hidden_size": 64,
  "lr": 0.0005862002069026874,
  "lstm_layers": 3,
  "seed": 4604
}