{
  "dropout": 0.31784080505936796,
  "epochs": 50,
  "hidden_size": 64,
  "lr": 0.002893076119266187,
  "lstm_layers": 2,
  "seed": 4824
}