{
  "dropout": 0.24366183986172021,
  "epochs": 50,
  "hidden_size": 64,
  "lr": 0.0020850401713967547,
  "lstm_layers": 2,
  "seed": 2962
}