{
  "dropout": 0.4753604967569227,
  "hidden_size": 64,
  "lr": 0.0022533240780122643,
  "lstm_layers": 3,
  "seed": 8818
}