{
  "dropout": 0.2715264656185956,
  "hidden_size": 256,
  "lr": 0.004134526528818547,
  "lstm_layers": 1,
  "seed": 2338
}