{
  "dropout": 0.17389126092050533,
  "hidden_size": 64,
  "lr": 0.0013494615793601796,
  "lstm_layers": 3,
  "seed": 461
}