{
  "dropout": 0.45699325649939665,
  "epochs": 50,
  "hidden_size": 128,
  "lr": 0.0004137605366330655,
  "lstm_layers": 1,
  "seed": 1145
}