{
  "dropout": 0.2967067027143545,
  "epochs": 50,
  "hidden_size": 128,
  "lr": 0.00010523731633868605,
  "lstm_layers": 1,
  "seed": 1583
}