{
  "dropout": 0.37878017036748185,
  "epochs": 50,
  "hidden_size": 256,
  "lr": 0.0002891092817027116,
  "lstm_layers": 2,
  "seed": 7526
}