{
  "dropout": 0.41377391384757994,
  "hidden_size": 128,
  "lr": 0.00013899511920403314,
  "lstm_layers": 1,
  "seed": 1577
}