{
  "dropout": 0.1795467921167087,
  "hidden_size": 256,
  "lr": 0.0009208328131998856,
  "lstm_layers": 1,
  "seed": 1068
}