{
  "dropout": 0.2264820289706252,
  "hidden_size": 256,
  "lr": 0.000631276271051983,
  "lstm_layers": 2,
  "seed": 891
}