{
  "dropout": 0.27301517754552995,
  "epochs": 50,
  "hidden_size": 256,
  "lr": 0.009064005852073214,
  "lstm_layers": 3,
  "seed": 5071
}