{
  "dropout": 0.15189004448031734,
  "epochs": 50,
  "hidden_size": 256,
  "lr": 0.0006364891501726564,
  "lstm_layers": 3,
  "seed": 2319
}