{
  "dropout": 0.2509045516016108,
  "epochs": 50,
  "hidden_size": 64,
  "lr": 0.003827213244814216,
  "lstm_layers": 3,
  "seed": 1881
}