{
  "dropout": 0.38960357738627166,
  "hidden_size": 64,
  "lr": 0.0038792098772489547,
  "lstm_layers": 3,
  "seed": 1980
}