{
  "dropout": 0.4977269279513459,
  "epochs": 50,
  "hidden_size": 256,
  "lr": 0.0003019679322051261,
  "lstm_layers": 3,
  "seed": 646
}