{
  "dropout": 0.1045141377085295,
  "hidden_size": 256,
  "lr": 0.004243609776453352,
  "lstm_layers": 3,
  "seed": 5535
}