{
  "dropout": 0.3983441876169258,
  "hidden_size": 64,
  "lr": 0.00014036911218420422,
  "lstm_layers": 3,
  "seed": 8320
}