{
  "dropout": 0.3688789821605383,
  "epochs": 50,
  "hidden_size": 128,
  "lr": 0.0001747784785997242,
  "lstm_layers": 3,
  "seed": 5987
}